metric,fiscal_year,value,unit,sec_tag,filing_date,filing_fiscal_year,form_type,period_start,period_end,accession,source_url,api_url,value_type,status,missing_reason,priority
total_assets,2020,2819627000000,USD,us-gaap:Assets,2021-02-24,2020,10-K,,2020-12-31,0000070858-21-000023,https://www.sec.gov/Archives/edgar/data/70858/000007085821000023/0000070858-21-000023-index.html,https://data.sec.gov/api/xbrl/companyfacts/CIK0000070858.json,reported,available,,0
total_assets,2020,2819627000000,USD,us-gaap:Assets,2022-02-22,2021,10-K,,2020-12-31,0000070858-22-000062,https://www.sec.gov/Archives/edgar/data/70858/000007085822000062/0000070858-22-000062-index.html,https://data.sec.gov/api/xbrl/companyfacts/CIK0000070858.json,reported,available,,0
total_assets,2021,3169495000000,USD,us-gaap:Assets,2022-02-22,2021,10-K,,2021-12-31,0000070858-22-000062,https://www.sec.gov/Archives/edgar/data/70858/000007085822000062/0000070858-22-000062-index.html,https://data.sec.gov/api/xbrl/companyfacts/CIK0000070858.json,reported,available,,0
total_assets,2021,3169495000000,USD,us-gaap:Assets,2023-02-22,2022,10-K,,2021-12-31,0000070858-23-000092,https://www.sec.gov/Archives/edgar/data/70858/000007085823000092/0000070858-23-000092-index.html,https://data.sec.gov/api/xbrl/companyfacts/CIK0000070858.json,reported,available,,0
total_assets,2022,3051375000000,USD,us-gaap:Assets,2023-02-22,2022,10-K,,2022-12-31,0000070858-23-000092,https://www.sec.gov/Archives/edgar/data/70858/000007085823000092/0000070858-23-000092-index.html,https://data.sec.gov/api/xbrl/companyfacts/CIK0000070858.json,reported,available,,0
total_assets,2022,3051375000000,USD,us-gaap:Assets,2024-02-20,2023,10-K,,2022-12-31,0000070858-24-000122,https://www.sec.gov/Archives/edgar/data/70858/000007085824000122/0000070858-24-000122-index.html,https://data.sec.gov/api/xbrl/companyfacts/CIK0000070858.json,reported,available,,0
total_assets,2023,3180151000000,USD,us-gaap:Assets,2024-02-20,2023,10-K,,2023-12-31,0000070858-24-000122,https://www.sec.gov/Archives/edgar/data/70858/000007085824000122/0000070858-24-000122-index.html,https://data.sec.gov/api/xbrl/companyfacts/CIK0000070858.json,reported,available,,0
total_assets,2023,3180151000000,USD,us-gaap:Assets,2025-02-25,2024,10-K,,2023-12-31,0000070858-25-000139,https://www.sec.gov/Archives/edgar/data/70858/000007085825000139/0000070858-25-000139-index.html,https://data.sec.gov/api/xbrl/companyfacts/CIK0000070858.json,reported,available,,0
total_assets,2024,3261519000000,USD,us-gaap:Assets,2025-02-25,2024,10-K,,2024-12-31,0000070858-25-000139,https://www.sec.gov/Archives/edgar/data/70858/000007085825000139/0000070858-25-000139-index.html,https://data.sec.gov/api/xbrl/companyfacts/CIK0000070858.json,reported,available,,0
total_assets,2024,3261299000000,USD,us-gaap:Assets,2026-02-25,2025,10-K,,2024-12-31,0000070858-26-000157,https://www.sec.gov/Archives/edgar/data/70858/000007085826000157/0000070858-26-000157-index.html,https://data.sec.gov/api/xbrl/companyfacts/CIK0000070858.json,reported,available,,0
total_assets,2025,3411738000000,USD,us-gaap:Assets,2026-02-25,2025,10-K,,2025-12-31,0000070858-26-000157,https://www.sec.gov/Archives/edgar/data/70858/000007085826000157/0000070858-26-000157-index.html,https://data.sec.gov/api/xbrl/companyfacts/CIK0000070858.json,reported,available,,0
total_loans,2021,979124000000,USD,us-gaap:FinancingReceivableExcludingAccruedInterestBeforeAllowanceForCreditLoss,2023-02-22,2022,10-K,,2021-12-31,0000070858-23-000092,https://www.sec.gov/Archives/edgar/data/70858/000007085823000092/0000070858-23-000092-index.html,https://data.sec.gov/api/xbrl/companyfacts/CIK0000070858.json,reported,available,,0
total_loans,2022,1045747000000,USD,us-gaap:FinancingReceivableExcludingAccruedInterestBeforeAllowanceForCreditLoss,2023-02-22,2022,10-K,,2022-12-31,0000070858-23-000092,https://www.sec.gov/Archives/edgar/data/70858/000007085823000092/0000070858-23-000092-index.html,https://data.sec.gov/api/xbrl/companyfacts/CIK0000070858.json,reported,available,,0
total_loans,2022,1045747000000,USD,us-gaap:FinancingReceivableExcludingAccruedInterestBeforeAllowanceForCreditLoss,2024-02-20,2023,10-K,,2022-12-31,0000070858-24-000122,https://www.sec.gov/Archives/edgar/data/70858/000007085824000122/0000070858-24-000122-index.html,https://data.sec.gov/api/xbrl/companyfacts/CIK0000070858.json,reported,available,,0
total_loans,2023,1053732000000,USD,us-gaap:FinancingReceivableExcludingAccruedInterestBeforeAllowanceForCreditLoss,2024-02-20,2023,10-K,,2023-12-31,0000070858-24-000122,https://www.sec.gov/Archives/edgar/data/70858/000007085824000122/0000070858-24-000122-index.html,https://data.sec.gov/api/xbrl/companyfacts/CIK0000070858.json,reported,available,,0
total_loans,2023,1053732000000,USD,us-gaap:FinancingReceivableExcludingAccruedInterestBeforeAllowanceForCreditLoss,2025-02-25,2024,10-K,,2023-12-31,0000070858-25-000139,https://www.sec.gov/Archives/edgar/data/70858/000007085825000139/0000070858-25-000139-index.html,https://data.sec.gov/api/xbrl/companyfacts/CIK0000070858.json,reported,available,,0
total_loans,2024,1095835000000,USD,us-gaap:FinancingReceivableExcludingAccruedInterestBeforeAllowanceForCreditLoss,2025-02-25,2024,10-K,,2024-12-31,0000070858-25-000139,https://www.sec.gov/Archives/edgar/data/70858/000007085825000139/0000070858-25-000139-index.html,https://data.sec.gov/api/xbrl/companyfacts/CIK0000070858.json,reported,available,,0
total_loans,2024,1095835000000,USD,us-gaap:FinancingReceivableExcludingAccruedInterestBeforeAllowanceForCreditLoss,2026-02-25,2025,10-K,,2024-12-31,0000070858-26-000157,https://www.sec.gov/Archives/edgar/data/70858/000007085826000157/0000070858-26-000157-index.html,https://data.sec.gov/api/xbrl/companyfacts/CIK0000070858.json,reported,available,,0
total_loans,2025,1185700000000,USD,us-gaap:FinancingReceivableExcludingAccruedInterestBeforeAllowanceForCreditLoss,2026-02-25,2025,10-K,,2025-12-31,0000070858-26-000157,https://www.sec.gov/Archives/edgar/data/70858/000007085826000157/0000070858-26-000157-index.html,https://data.sec.gov/api/xbrl/companyfacts/CIK0000070858.json,reported,available,,0
total_deposits,2020,1795480000000,USD,us-gaap:Deposits,2021-02-24,2020,10-K,,2020-12-31,0000070858-21-000023,https://www.sec.gov/Archives/edgar/data/70858/000007085821000023/0000070858-21-000023-index.html,https://data.sec.gov/api/xbrl/companyfacts/CIK0000070858.json,reported,available,,0
total_deposits,2020,1795480000000,USD,us-gaap:Deposits,2022-02-22,2021,10-K,,2020-12-31,0000070858-22-000062,https://www.sec.gov/Archives/edgar/data/70858/000007085822000062/0000070858-22-000062-index.html,https://data.sec.gov/api/xbrl/companyfacts/CIK0000070858.json,reported,available,,0
total_deposits,2021,2064446000000,USD,us-gaap:Deposits,2022-02-22,2021,10-K,,2021-12-31,0000070858-22-000062,https://www.sec.gov/Archives/edgar/data/70858/000007085822000062/0000070858-22-000062-index.html,https://data.sec.gov/api/xbrl/companyfacts/CIK0000070858.json,reported,available,,0
total_deposits,2021,2064446000000,USD,us-gaap:Deposits,2023-02-22,2022,10-K,,2021-12-31,0000070858-23-000092,https://www.sec.gov/Archives/edgar/data/70858/000007085823000092/0000070858-23-000092-index.html,https://data.sec.gov/api/xbrl/companyfacts/CIK0000070858.json,reported,available,,0
total_deposits,2022,1930341000000,USD,us-gaap:Deposits,2023-02-22,2022,10-K,,2022-12-31,0000070858-23-000092,https://www.sec.gov/Archives/edgar/data/70858/000007085823000092/0000070858-23-000092-index.html,https://data.sec.gov/api/xbrl/companyfacts/CIK0000070858.json,reported,available,,0
total_deposits,2022,1930341000000,USD,us-gaap:Deposits,2024-02-20,2023,10-K,,2022-12-31,0000070858-24-000122,https://www.sec.gov/Archives/edgar/data/70858/000007085824000122/0000070858-24-000122-index.html,https://data.sec.gov/api/xbrl/companyfacts/CIK0000070858.json,reported,available,,0
total_deposits,2023,1923827000000,USD,us-gaap:Deposits,2024-02-20,2023,10-K,,2023-12-31,0000070858-24-000122,https://www.sec.gov/Archives/edgar/data/70858/000007085824000122/0000070858-24-000122-index.html,https://data.sec.gov/api/xbrl/companyfacts/CIK0000070858.json,reported,available,,0
total_deposits,2023,1923827000000,USD,us-gaap:Deposits,2025-02-25,2024,10-K,,2023-12-31,0000070858-25-000139,https://www.sec.gov/Archives/edgar/data/70858/000007085825000139/0000070858-25-000139-index.html,https://data.sec.gov/api/xbrl/companyfacts/CIK0000070858.json,reported,available,,0
total_deposits,2024,1965467000000,USD,us-gaap:Deposits,2025-02-25,2024,10-K,,2024-12-31,0000070858-25-000139,https://www.sec.gov/Archives/edgar/data/70858/000007085825000139/0000070858-25-000139-index.html,https://data.sec.gov/api/xbrl/companyfacts/CIK0000070858.json,reported,available,,0
total_deposits,2024,1965467000000,USD,us-gaap:Deposits,2026-02-25,2025,10-K,,2024-12-31,0000070858-26-000157,https://www.sec.gov/Archives/edgar/data/70858/000007085826000157/0000070858-26-000157-index.html,https://data.sec.gov/api/xbrl/companyfacts/CIK0000070858.json,reported,available,,0
total_deposits,2025,2018729000000,USD,us-gaap:Deposits,2026-02-25,2025,10-K,,2025-12-31,0000070858-26-000157,https://www.sec.gov/Archives/edgar/data/70858/000007085826000157/0000070858-26-000157-index.html,https://data.sec.gov/api/xbrl/companyfacts/CIK0000070858.json,reported,available,,0
cash_and_cash_equivalents,2020,380463000000,USD,us-gaap:CashCashEquivalentsRestrictedCashAndRestrictedCashEquivalents,2021-02-24,2020,10-K,,2020-12-31,0000070858-21-000023,https://www.sec.gov/Archives/edgar/data/70858/000007085821000023/0000070858-21-000023-index.html,https://data.sec.gov/api/xbrl/companyfacts/CIK0000070858.json,reported,available,,0
cash_and_cash_equivalents,2020,380463000000,USD,us-gaap:CashCashEquivalentsRestrictedCashAndRestrictedCashEquivalents,2022-02-22,2021,10-K,,2020-12-31,0000070858-22-000062,https://www.sec.gov/Archives/edgar/data/70858/000007085822000062/0000070858-22-000062-index.html,https://data.sec.gov/api/xbrl/companyfacts/CIK0000070858.json,reported,available,,0
cash_and_cash_equivalents,2020,380463000000,USD,us-gaap:CashCashEquivalentsRestrictedCashAndRestrictedCashEquivalents,2023-02-22,2022,10-K,,2020-12-31,0000070858-23-000092,https://www.sec.gov/Archives/edgar/data/70858/000007085823000092/0000070858-23-000092-index.html,https://data.sec.gov/api/xbrl/companyfacts/CIK0000070858.json,reported,available,,0
cash_and_cash_equivalents,2020,380463000000,USD,us-gaap:CashCashEquivalentsRestrictedCashAndRestrictedCashEquivalents,2024-02-20,2023,10-K,,2020-12-31,0000070858-24-000122,https://www.sec.gov/Archives/edgar/data/70858/000007085824000122/0000070858-24-000122-index.html,https://data.sec.gov/api/xbrl/companyfacts/CIK0000070858.json,reported,available,,0
cash_and_cash_equivalents,2021,348221000000,USD,us-gaap:CashCashEquivalentsRestrictedCashAndRestrictedCashEquivalents,2022-02-22,2021,10-K,,2021-12-31,0000070858-22-000062,https://www.sec.gov/Archives/edgar/data/70858/000007085822000062/0000070858-22-000062-index.html,https://data.sec.gov/api/xbrl/companyfacts/CIK0000070858.json,reported,available,,0
cash_and_cash_equivalents,2021,348221000000,USD,us-gaap:CashCashEquivalentsRestrictedCashAndRestrictedCashEquivalents,2023-02-22,2022,10-K,,2021-12-31,0000070858-23-000092,https://www.sec.gov/Archives/edgar/data/70858/000007085823000092/0000070858-23-000092-index.html,https://data.sec.gov/api/xbrl/companyfacts/CIK0000070858.json,reported,available,,0
cash_and_cash_equivalents,2021,348221000000,USD,us-gaap:CashCashEquivalentsRestrictedCashAndRestrictedCashEquivalents,2024-02-20,2023,10-K,,2021-12-31,0000070858-24-000122,https://www.sec.gov/Archives/edgar/data/70858/000007085824000122/0000070858-24-000122-index.html,https://data.sec.gov/api/xbrl/companyfacts/CIK0000070858.json,reported,available,,0
cash_and_cash_equivalents,2021,348221000000,USD,us-gaap:CashCashEquivalentsRestrictedCashAndRestrictedCashEquivalents,2025-02-25,2024,10-K,,2021-12-31,0000070858-25-000139,https://www.sec.gov/Archives/edgar/data/70858/000007085825000139/0000070858-25-000139-index.html,https://data.sec.gov/api/xbrl/companyfacts/CIK0000070858.json,reported,available,,0
cash_and_cash_equivalents,2022,230203000000,USD,us-gaap:CashCashEquivalentsRestrictedCashAndRestrictedCashEquivalents,2023-02-22,2022,10-K,,2022-12-31,0000070858-23-000092,https://www.sec.gov/Archives/edgar/data/70858/000007085823000092/0000070858-23-000092-index.html,https://data.sec.gov/api/xbrl/companyfacts/CIK0000070858.json,reported,available,,0
cash_and_cash_equivalents,2022,230203000000,USD,us-gaap:CashCashEquivalentsRestrictedCashAndRestrictedCashEquivalents,2024-02-20,2023,10-K,,2022-12-31,0000070858-24-000122,https://www.sec.gov/Archives/edgar/data/70858/000007085824000122/0000070858-24-000122-index.html,https://data.sec.gov/api/xbrl/companyfacts/CIK0000070858.json,reported,available,,0
cash_and_cash_equivalents,2022,230203000000,USD,us-gaap:CashCashEquivalentsRestrictedCashAndRestrictedCashEquivalents,2025-02-25,2024,10-K,,2022-12-31,0000070858-25-000139,https://www.sec.gov/Archives/edgar/data/70858/000007085825000139/0000070858-25-000139-index.html,https://data.sec.gov/api/xbrl/companyfacts/CIK0000070858.json,reported,available,,0
cash_and_cash_equivalents,2022,230203000000,USD,us-gaap:CashCashEquivalentsRestrictedCashAndRestrictedCashEquivalents,2026-02-25,2025,10-K,,2022-12-31,0000070858-26-000157,https://www.sec.gov/Archives/edgar/data/70858/000007085826000157/0000070858-26-000157-index.html,https://data.sec.gov/api/xbrl/companyfacts/CIK0000070858.json,reported,available,,0
cash_and_cash_equivalents,2023,333073000000,USD,us-gaap:CashCashEquivalentsRestrictedCashAndRestrictedCashEquivalents,2024-02-20,2023,10-K,,2023-12-31,0000070858-24-000122,https://www.sec.gov/Archives/edgar/data/70858/000007085824000122/0000070858-24-000122-index.html,https://data.sec.gov/api/xbrl/companyfacts/CIK0000070858.json,reported,available,,0
cash_and_cash_equivalents,2023,333073000000,USD,us-gaap:CashCashEquivalentsRestrictedCashAndRestrictedCashEquivalents,2025-02-25,2024,10-K,,2023-12-31,0000070858-25-000139,https://www.sec.gov/Archives/edgar/data/70858/000007085825000139/0000070858-25-000139-index.html,https://data.sec.gov/api/xbrl/companyfacts/CIK0000070858.json,reported,available,,0
cash_and_cash_equivalents,2023,333073000000,USD,us-gaap:CashCashEquivalentsRestrictedCashAndRestrictedCashEquivalents,2026-02-25,2025,10-K,,2023-12-31,0000070858-26-000157,https://www.sec.gov/Archives/edgar/data/70858/000007085826000157/0000070858-26-000157-index.html,https://data.sec.gov/api/xbrl/companyfacts/CIK0000070858.json,reported,available,,0
cash_and_cash_equivalents,2024,290114000000,USD,us-gaap:CashCashEquivalentsRestrictedCashAndRestrictedCashEquivalents,2025-02-25,2024,10-K,,2024-12-31,0000070858-25-000139,https://www.sec.gov/Archives/edgar/data/70858/000007085825000139/0000070858-25-000139-index.html,https://data.sec.gov/api/xbrl/companyfacts/CIK0000070858.json,reported,available,,0
cash_and_cash_equivalents,2024,290114000000,USD,us-gaap:CashCashEquivalentsRestrictedCashAndRestrictedCashEquivalents,2026-02-25,2025,10-K,,2024-12-31,0000070858-26-000157,https://www.sec.gov/Archives/edgar/data/70858/000007085826000157/0000070858-26-000157-index.html,https://data.sec.gov/api/xbrl/companyfacts/CIK0000070858.json,reported,available,,0
cash_and_cash_equivalents,2025,231845000000,USD,us-gaap:CashCashEquivalentsRestrictedCashAndRestrictedCashEquivalents,2026-02-25,2025,10-K,,2025-12-31,0000070858-26-000157,https://www.sec.gov/Archives/edgar/data/70858/000007085826000157/0000070858-26-000157-index.html,https://data.sec.gov/api/xbrl/companyfacts/CIK0000070858.json,reported,available,,0
net_income,2020,17894000000,USD,us-gaap:NetIncomeLoss,2021-02-24,2020,10-K,2020-01-01,2020-12-31,0000070858-21-000023,https://www.sec.gov/Archives/edgar/data/70858/000007085821000023/0000070858-21-000023-index.html,https://data.sec.gov/api/xbrl/companyfacts/CIK0000070858.json,reported,available,,0
net_income,2020,17894000000,USD,us-gaap:NetIncomeLoss,2022-02-22,2021,10-K,2020-01-01,2020-12-31,0000070858-22-000062,https://www.sec.gov/Archives/edgar/data/70858/000007085822000062/0000070858-22-000062-index.html,https://data.sec.gov/api/xbrl/companyfacts/CIK0000070858.json,reported,available,,0
net_income,2020,17894000000,USD,us-gaap:NetIncomeLoss,2023-02-22,2022,10-K,2020-01-01,2020-12-31,0000070858-23-000092,https://www.sec.gov/Archives/edgar/data/70858/000007085823000092/0000070858-23-000092-index.html,https://data.sec.gov/api/xbrl/companyfacts/CIK0000070858.json,reported,available,,0
net_income,2021,31978000000,USD,us-gaap:NetIncomeLoss,2022-02-22,2021,10-K,2021-01-01,2021-12-31,0000070858-22-000062,https://www.sec.gov/Archives/edgar/data/70858/000007085822000062/0000070858-22-000062-index.html,https://data.sec.gov/api/xbrl/companyfacts/CIK0000070858.json,reported,available,,0
net_income,2021,31978000000,USD,us-gaap:NetIncomeLoss,2023-02-22,2022,10-K,2021-01-01,2021-12-31,0000070858-23-000092,https://www.sec.gov/Archives/edgar/data/70858/000007085823000092/0000070858-23-000092-index.html,https://data.sec.gov/api/xbrl/companyfacts/CIK0000070858.json,reported,available,,0
net_income,2021,31978000000,USD,us-gaap:NetIncomeLoss,2024-02-20,2023,10-K,2021-01-01,2021-12-31,0000070858-24-000122,https://www.sec.gov/Archives/edgar/data/70858/000007085824000122/0000070858-24-000122-index.html,https://data.sec.gov/api/xbrl/companyfacts/CIK0000070858.json,reported,available,,0
net_income,2022,27528000000,USD,us-gaap:NetIncomeLoss,2023-02-22,2022,10-K,2022-01-01,2022-12-31,0000070858-23-000092,https://www.sec.gov/Archives/edgar/data/70858/000007085823000092/0000070858-23-000092-index.html,https://data.sec.gov/api/xbrl/companyfacts/CIK0000070858.json,reported,available,,0
net_income,2022,27528000000,USD,us-gaap:NetIncomeLoss,2024-02-20,2023,10-K,2022-01-01,2022-12-31,0000070858-24-000122,https://www.sec.gov/Archives/edgar/data/70858/000007085824000122/0000070858-24-000122-index.html,https://data.sec.gov/api/xbrl/companyfacts/CIK0000070858.json,reported,available,,0
net_income,2022,27528000000,USD,us-gaap:NetIncomeLoss,2025-02-25,2024,10-K,2022-01-01,2022-12-31,0000070858-25-000139,https://www.sec.gov/Archives/edgar/data/70858/000007085825000139/0000070858-25-000139-index.html,https://data.sec.gov/api/xbrl/companyfacts/CIK0000070858.json,reported,available,,0
net_income,2023,26515000000,USD,us-gaap:NetIncomeLoss,2024-02-20,2023,10-K,2023-01-01,2023-12-31,0000070858-24-000122,https://www.sec.gov/Archives/edgar/data/70858/000007085824000122/0000070858-24-000122-index.html,https://data.sec.gov/api/xbrl/companyfacts/CIK0000070858.json,reported,available,,0
net_income,2023,26515000000,USD,us-gaap:NetIncomeLoss,2025-02-25,2024,10-K,2023-01-01,2023-12-31,0000070858-25-000139,https://www.sec.gov/Archives/edgar/data/70858/000007085825000139/0000070858-25-000139-index.html,https://data.sec.gov/api/xbrl/companyfacts/CIK0000070858.json,reported,available,,0
net_income,2023,26305000000,USD,us-gaap:NetIncomeLoss,2026-02-25,2025,10-K,2023-01-01,2023-12-31,0000070858-26-000157,https://www.sec.gov/Archives/edgar/data/70858/000007085826000157/0000070858-26-000157-index.html,https://data.sec.gov/api/xbrl/companyfacts/CIK0000070858.json,reported,available,,0
net_income,2024,27132000000,USD,us-gaap:NetIncomeLoss,2025-02-25,2024,10-K,2024-01-01,2024-12-31,0000070858-25-000139,https://www.sec.gov/Archives/edgar/data/70858/000007085825000139/0000070858-25-000139-index.html,https://data.sec.gov/api/xbrl/companyfacts/CIK0000070858.json,reported,available,,0
net_income,2024,26973000000,USD,us-gaap:NetIncomeLoss,2026-02-25,2025,10-K,2024-01-01,2024-12-31,0000070858-26-000157,https://www.sec.gov/Archives/edgar/data/70858/000007085826000157/0000070858-26-000157-index.html,https://data.sec.gov/api/xbrl/companyfacts/CIK0000070858.json,reported,available,,0
net_income,2025,30509000000,USD,us-gaap:NetIncomeLoss,2026-02-25,2025,10-K,2025-01-01,2025-12-31,0000070858-26-000157,https://www.sec.gov/Archives/edgar/data/70858/000007085826000157/0000070858-26-000157-index.html,https://data.sec.gov/api/xbrl/companyfacts/CIK0000070858.json,reported,available,,0
total_revenue,2020,85528000000,USD,us-gaap:Revenues,2021-02-24,2020,10-K,2020-01-01,2020-12-31,0000070858-21-000023,https://www.sec.gov/Archives/edgar/data/70858/000007085821000023/0000070858-21-000023-index.html,https://data.sec.gov/api/xbrl/companyfacts/CIK0000070858.json,reported,available,,0
total_revenue,2020,85528000000,USD,us-gaap:Revenues,2022-02-22,2021,10-K,2020-01-01,2020-12-31,0000070858-22-000062,https://www.sec.gov/Archives/edgar/data/70858/000007085822000062/0000070858-22-000062-index.html,https://data.sec.gov/api/xbrl/companyfacts/CIK0000070858.json,reported,available,,0
total_revenue,2020,85528000000,USD,us-gaap:Revenues,2023-02-22,2022,10-K,2020-01-01,2020-12-31,0000070858-23-000092,https://www.sec.gov/Archives/edgar/data/70858/000007085823000092/0000070858-23-000092-index.html,https://data.sec.gov/api/xbrl/companyfacts/CIK0000070858.json,reported,available,,0
total_revenue,2021,89113000000,USD,us-gaap:Revenues,2022-02-22,2021,10-K,2021-01-01,2021-12-31,0000070858-22-000062,https://www.sec.gov/Archives/edgar/data/70858/000007085822000062/0000070858-22-000062-index.html,https://data.sec.gov/api/xbrl/companyfacts/CIK0000070858.json,reported,available,,0
total_revenue,2021,89113000000,USD,us-gaap:Revenues,2023-02-22,2022,10-K,2021-01-01,2021-12-31,0000070858-23-000092,https://www.sec.gov/Archives/edgar/data/70858/000007085823000092/0000070858-23-000092-index.html,https://data.sec.gov/api/xbrl/companyfacts/CIK0000070858.json,reported,available,,0
total_revenue,2021,89113000000,USD,us-gaap:Revenues,2024-02-20,2023,10-K,2021-01-01,2021-12-31,0000070858-24-000122,https://www.sec.gov/Archives/edgar/data/70858/000007085824000122/0000070858-24-000122-index.html,https://data.sec.gov/api/xbrl/companyfacts/CIK0000070858.json,reported,available,,0
total_revenue,2022,94950000000,USD,us-gaap:Revenues,2023-02-22,2022,10-K,2022-01-01,2022-12-31,0000070858-23-000092,https://www.sec.gov/Archives/edgar/data/70858/000007085823000092/0000070858-23-000092-index.html,https://data.sec.gov/api/xbrl/companyfacts/CIK0000070858.json,reported,available,,0
total_revenue,2022,94950000000,USD,us-gaap:Revenues,2024-02-20,2023,10-K,2022-01-01,2022-12-31,0000070858-24-000122,https://www.sec.gov/Archives/edgar/data/70858/000007085824000122/0000070858-24-000122-index.html,https://data.sec.gov/api/xbrl/companyfacts/CIK0000070858.json,reported,available,,0
total_revenue,2022,94950000000,USD,us-gaap:Revenues,2025-02-25,2024,10-K,2022-01-01,2022-12-31,0000070858-25-000139,https://www.sec.gov/Archives/edgar/data/70858/000007085825000139/0000070858-25-000139-index.html,https://data.sec.gov/api/xbrl/companyfacts/CIK0000070858.json,reported,available,,0
total_revenue,2023,98581000000,USD,us-gaap:Revenues,2024-02-20,2023,10-K,2023-01-01,2023-12-31,0000070858-24-000122,https://www.sec.gov/Archives/edgar/data/70858/000007085824000122/0000070858-24-000122-index.html,https://data.sec.gov/api/xbrl/companyfacts/CIK0000070858.json,reported,available,,0
total_revenue,2023,98581000000,USD,us-gaap:Revenues,2025-02-25,2024,10-K,2023-01-01,2023-12-31,0000070858-25-000139,https://www.sec.gov/Archives/edgar/data/70858/000007085825000139/0000070858-25-000139-index.html,https://data.sec.gov/api/xbrl/companyfacts/CIK0000070858.json,reported,available,,0
total_revenue,2023,102769000000,USD,us-gaap:Revenues,2026-02-25,2025,10-K,2023-01-01,2023-12-31,0000070858-26-000157,https://www.sec.gov/Archives/edgar/data/70858/000007085826000157/0000070858-26-000157-index.html,https://data.sec.gov/api/xbrl/companyfacts/CIK0000070858.json,reported,available,,0
total_revenue,2024,101887000000,USD,us-gaap:Revenues,2025-02-25,2024,10-K,2024-01-01,2024-12-31,0000070858-25-000139,https://www.sec.gov/Archives/edgar/data/70858/000007085825000139/0000070858-25-000139-index.html,https://data.sec.gov/api/xbrl/companyfacts/CIK0000070858.json,reported,available,,0
total_revenue,2024,105856000000,USD,us-gaap:Revenues,2026-02-25,2025,10-K,2024-01-01,2024-12-31,0000070858-26-000157,https://www.sec.gov/Archives/edgar/data/70858/000007085826000157/0000070858-26-000157-index.html,https://data.sec.gov/api/xbrl/companyfacts/CIK0000070858.json,reported,available,,0
total_revenue,2025,113097000000,USD,us-gaap:Revenues,2026-02-25,2025,10-K,2025-01-01,2025-12-31,0000070858-26-000157,https://www.sec.gov/Archives/edgar/data/70858/000007085826000157/0000070858-26-000157-index.html,https://data.sec.gov/api/xbrl/companyfacts/CIK0000070858.json,reported,available,,0
net_interest_income,2020,43360000000,USD,us-gaap:InterestIncomeExpenseNet,2021-02-24,2020,10-K,2020-01-01,2020-12-31,0000070858-21-000023,https://www.sec.gov/Archives/edgar/data/70858/000007085821000023/0000070858-21-000023-index.html,https://data.sec.gov/api/xbrl/companyfacts/CIK0000070858.json,reported,available,,0
net_interest_income,2020,43360000000,USD,us-gaap:InterestIncomeExpenseNet,2022-02-22,2021,10-K,2020-01-01,2020-12-31,0000070858-22-000062,https://www.sec.gov/Archives/edgar/data/70858/000007085822000062/0000070858-22-000062-index.html,https://data.sec.gov/api/xbrl/companyfacts/CIK0000070858.json,reported,available,,0
net_interest_income,2020,43360000000,USD,us-gaap:InterestIncomeExpenseNet,2023-02-22,2022,10-K,2020-01-01,2020-12-31,0000070858-23-000092,https://www.sec.gov/Archives/edgar/data/70858/000007085823000092/0000070858-23-000092-index.html,https://data.sec.gov/api/xbrl/companyfacts/CIK0000070858.json,reported,available,,0
net_interest_income,2021,42934000000,USD,us-gaap:InterestIncomeExpenseNet,2022-02-22,2021,10-K,2021-01-01,2021-12-31,0000070858-22-000062,https://www.sec.gov/Archives/edgar/data/70858/000007085822000062/0000070858-22-000062-index.html,https://data.sec.gov/api/xbrl/companyfacts/CIK0000070858.json,reported,available,,0
net_interest_income,2021,42934000000,USD,us-gaap:InterestIncomeExpenseNet,2023-02-22,2022,10-K,2021-01-01,2021-12-31,0000070858-23-000092,https://www.sec.gov/Archives/edgar/data/70858/000007085823000092/0000070858-23-000092-index.html,https://data.sec.gov/api/xbrl/companyfacts/CIK0000070858.json,reported,available,,0
net_interest_income,2021,42934000000,USD,us-gaap:InterestIncomeExpenseNet,2024-02-20,2023,10-K,2021-01-01,2021-12-31,0000070858-24-000122,https://www.sec.gov/Archives/edgar/data/70858/000007085824000122/0000070858-24-000122-index.html,https://data.sec.gov/api/xbrl/companyfacts/CIK0000070858.json,reported,available,,0
net_interest_income,2022,52462000000,USD,us-gaap:InterestIncomeExpenseNet,2023-02-22,2022,10-K,2022-01-01,2022-12-31,0000070858-23-000092,https://www.sec.gov/Archives/edgar/data/70858/000007085823000092/0000070858-23-000092-index.html,https://data.sec.gov/api/xbrl/companyfacts/CIK0000070858.json,reported,available,,0
net_interest_income,2022,52462000000,USD,us-gaap:InterestIncomeExpenseNet,2024-02-20,2023,10-K,2022-01-01,2022-12-31,0000070858-24-000122,https://www.sec.gov/Archives/edgar/data/70858/000007085824000122/0000070858-24-000122-index.html,https://data.sec.gov/api/xbrl/companyfacts/CIK0000070858.json,reported,available,,0
net_interest_income,2022,52462000000,USD,us-gaap:InterestIncomeExpenseNet,2025-02-25,2024,10-K,2022-01-01,2022-12-31,0000070858-25-000139,https://www.sec.gov/Archives/edgar/data/70858/000007085825000139/0000070858-25-000139-index.html,https://data.sec.gov/api/xbrl/companyfacts/CIK0000070858.json,reported,available,,0
net_interest_income,2023,56931000000,USD,us-gaap:InterestIncomeExpenseNet,2024-02-20,2023,10-K,2023-01-01,2023-12-31,0000070858-24-000122,https://www.sec.gov/Archives/edgar/data/70858/000007085824000122/0000070858-24-000122-index.html,https://data.sec.gov/api/xbrl/companyfacts/CIK0000070858.json,reported,available,,0
net_interest_income,2023,56931000000,USD,us-gaap:InterestIncomeExpenseNet,2025-02-25,2024,10-K,2023-01-01,2023-12-31,0000070858-25-000139,https://www.sec.gov/Archives/edgar/data/70858/000007085825000139/0000070858-25-000139-index.html,https://data.sec.gov/api/xbrl/companyfacts/CIK0000070858.json,reported,available,,0
net_interest_income,2023,56931000000,USD,us-gaap:InterestIncomeExpenseNet,2026-02-25,2025,10-K,2023-01-01,2023-12-31,0000070858-26-000157,https://www.sec.gov/Archives/edgar/data/70858/000007085826000157/0000070858-26-000157-index.html,https://data.sec.gov/api/xbrl/companyfacts/CIK0000070858.json,reported,available,,0
net_interest_income,2024,56060000000,USD,us-gaap:InterestIncomeExpenseNet,2025-02-25,2024,10-K,2024-01-01,2024-12-31,0000070858-25-000139,https://www.sec.gov/Archives/edgar/data/70858/000007085825000139/0000070858-25-000139-index.html,https://data.sec.gov/api/xbrl/companyfacts/CIK0000070858.json,reported,available,,0
net_interest_income,2024,56060000000,USD,us-gaap:InterestIncomeExpenseNet,2026-02-25,2025,10-K,2024-01-01,2024-12-31,0000070858-26-000157,https://www.sec.gov/Archives/edgar/data/70858/000007085826000157/0000070858-26-000157-index.html,https://data.sec.gov/api/xbrl/companyfacts/CIK0000070858.json,reported,available,,0
net_interest_income,2025,60096000000,USD,us-gaap:InterestIncomeExpenseNet,2026-02-25,2025,10-K,2025-01-01,2025-12-31,0000070858-26-000157,https://www.sec.gov/Archives/edgar/data/70858/000007085826000157/0000070858-26-000157-index.html,https://data.sec.gov/api/xbrl/companyfacts/CIK0000070858.json,reported,available,,0
net_charge_offs,2020,4121000000,USD,us-gaap:FinancingReceivableExcludingAccruedInterestAllowanceForCreditLossWriteoffAfterRecovery,2023-02-22,2022,10-K,2020-01-01,2020-12-31,0000070858-23-000092,https://www.sec.gov/Archives/edgar/data/70858/000007085823000092/0000070858-23-000092-index.html,https://data.sec.gov/api/xbrl/companyfacts/CIK0000070858.json,reported,available,,0
net_charge_offs,2020,4121000000,USD,us-gaap:FinancingReceivableAllowanceForCreditLossWriteoffAfterRecovery,2022-02-22,2021,10-K,2020-01-01,2020-12-31,0000070858-22-000062,https://www.sec.gov/Archives/edgar/data/70858/000007085822000062/0000070858-22-000062-index.html,https://data.sec.gov/api/xbrl/companyfacts/CIK0000070858.json,reported,available,,1
net_charge_offs,2021,2243000000,USD,us-gaap:FinancingReceivableExcludingAccruedInterestAllowanceForCreditLossWriteoffAfterRecovery,2023-02-22,2022,10-K,2021-01-01,2021-12-31,0000070858-23-000092,https://www.sec.gov/Archives/edgar/data/70858/000007085823000092/0000070858-23-000092-index.html,https://data.sec.gov/api/xbrl/companyfacts/CIK0000070858.json,reported,available,,0
net_charge_offs,2021,2243000000,USD,us-gaap:FinancingReceivableExcludingAccruedInterestAllowanceForCreditLossWriteoffAfterRecovery,2024-02-20,2023,10-K,2021-01-01,2021-12-31,0000070858-24-000122,https://www.sec.gov/Archives/edgar/data/70858/000007085824000122/0000070858-24-000122-index.html,https://data.sec.gov/api/xbrl/companyfacts/CIK0000070858.json,reported,available,,0
net_charge_offs,2021,2243000000,USD,us-gaap:FinancingReceivableAllowanceForCreditLossWriteoffAfterRecovery,2022-02-22,2021,10-K,2021-01-01,2021-12-31,0000070858-22-000062,https://www.sec.gov/Archives/edgar/data/70858/000007085822000062/0000070858-22-000062-index.html,https://data.sec.gov/api/xbrl/companyfacts/CIK0000070858.json,reported,available,,1
net_charge_offs,2022,2172000000,USD,us-gaap:FinancingReceivableExcludingAccruedInterestAllowanceForCreditLossWriteoffAfterRecovery,2023-02-22,2022,10-K,2022-01-01,2022-12-31,0000070858-23-000092,https://www.sec.gov/Archives/edgar/data/70858/000007085823000092/0000070858-23-000092-index.html,https://data.sec.gov/api/xbrl/companyfacts/CIK0000070858.json,reported,available,,0
net_charge_offs,2022,2172000000,USD,us-gaap:FinancingReceivableExcludingAccruedInterestAllowanceForCreditLossWriteoffAfterRecovery,2024-02-20,2023,10-K,2022-01-01,2022-12-31,0000070858-24-000122,https://www.sec.gov/Archives/edgar/data/70858/000007085824000122/0000070858-24-000122-index.html,https://data.sec.gov/api/xbrl/companyfacts/CIK0000070858.json,reported,available,,0
net_charge_offs,2022,2172000000,USD,us-gaap:FinancingReceivableExcludingAccruedInterestAllowanceForCreditLossWriteoffAfterRecovery,2025-02-25,2024,10-K,2022-01-01,2022-12-31,0000070858-25-000139,https://www.sec.gov/Archives/edgar/data/70858/000007085825000139/0000070858-25-000139-index.html,https://data.sec.gov/api/xbrl/companyfacts/CIK0000070858.json,reported,available,,0
net_charge_offs,2023,3799000000,USD,us-gaap:FinancingReceivableExcludingAccruedInterestAllowanceForCreditLossWriteoffAfterRecovery,2024-02-20,2023,10-K,2023-01-01,2023-12-31,0000070858-24-000122,https://www.sec.gov/Archives/edgar/data/70858/000007085824000122/0000070858-24-000122-index.html,https://data.sec.gov/api/xbrl/companyfacts/CIK0000070858.json,reported,available,,0
net_charge_offs,2023,3799000000,USD,us-gaap:FinancingReceivableExcludingAccruedInterestAllowanceForCreditLossWriteoffAfterRecovery,2025-02-25,2024,10-K,2023-01-01,2023-12-31,0000070858-25-000139,https://www.sec.gov/Archives/edgar/data/70858/000007085825000139/0000070858-25-000139-index.html,https://data.sec.gov/api/xbrl/companyfacts/CIK0000070858.json,reported,available,,0
net_charge_offs,2023,3799000000,USD,us-gaap:FinancingReceivableExcludingAccruedInterestAllowanceForCreditLossWriteoffAfterRecovery,2026-02-25,2025,10-K,2023-01-01,2023-12-31,0000070858-26-000157,https://www.sec.gov/Archives/edgar/data/70858/000007085826000157/0000070858-26-000157-index.html,https://data.sec.gov/api/xbrl/companyfacts/CIK0000070858.json,reported,available,,0
net_charge_offs,2024,6031000000,USD,us-gaap:FinancingReceivableExcludingAccruedInterestAllowanceForCreditLossWriteoffAfterRecovery,2025-02-25,2024,10-K,2024-01-01,2024-12-31,0000070858-25-000139,https://www.sec.gov/Archives/edgar/data/70858/000007085825000139/0000070858-25-000139-index.html,https://data.sec.gov/api/xbrl/companyfacts/CIK0000070858.json,reported,available,,0
net_charge_offs,2024,6031000000,USD,us-gaap:FinancingReceivableExcludingAccruedInterestAllowanceForCreditLossWriteoffAfterRecovery,2026-02-25,2025,10-K,2024-01-01,2024-12-31,0000070858-26-000157,https://www.sec.gov/Archives/edgar/data/70858/000007085826000157/0000070858-26-000157-index.html,https://data.sec.gov/api/xbrl/companyfacts/CIK0000070858.json,reported,available,,0
net_charge_offs,2025,5631000000,USD,us-gaap:FinancingReceivableExcludingAccruedInterestAllowanceForCreditLossWriteoffAfterRecovery,2026-02-25,2025,10-K,2025-01-01,2025-12-31,0000070858-26-000157,https://www.sec.gov/Archives/edgar/data/70858/000007085826000157/0000070858-26-000157-index.html,https://data.sec.gov/api/xbrl/companyfacts/CIK0000070858.json,reported,available,,0
loan_credit_loss_provision,2020,10565000000,USD,us-gaap:FinancingReceivableExcludingAccruedInterestCreditLossExpenseReversal,2023-02-22,2022,10-K,2020-01-01,2020-12-31,0000070858-23-000092,https://www.sec.gov/Archives/edgar/data/70858/000007085823000092/0000070858-23-000092-index.html,https://data.sec.gov/api/xbrl/companyfacts/CIK0000070858.json,reported,available,,0
loan_credit_loss_provision,2020,10565000000,USD,us-gaap:ProvisionForLoanLossesExpensed,2022-02-22,2021,10-K,2020-01-01,2020-12-31,0000070858-22-000062,https://www.sec.gov/Archives/edgar/data/70858/000007085822000062/0000070858-22-000062-index.html,https://data.sec.gov/api/xbrl/companyfacts/CIK0000070858.json,reported,available,,1
loan_credit_loss_provision,2021,-4173000000,USD,us-gaap:FinancingReceivableExcludingAccruedInterestCreditLossExpenseReversal,2023-02-22,2022,10-K,2021-01-01,2021-12-31,0000070858-23-000092,https://www.sec.gov/Archives/edgar/data/70858/000007085823000092/0000070858-23-000092-index.html,https://data.sec.gov/api/xbrl/companyfacts/CIK0000070858.json,reported,available,,0
loan_credit_loss_provision,2021,-4173000000,USD,us-gaap:FinancingReceivableExcludingAccruedInterestCreditLossExpenseReversal,2024-02-20,2023,10-K,2021-01-01,2021-12-31,0000070858-24-000122,https://www.sec.gov/Archives/edgar/data/70858/000007085824000122/0000070858-24-000122-index.html,https://data.sec.gov/api/xbrl/companyfacts/CIK0000070858.json,reported,available,,0
loan_credit_loss_provision,2021,-4173000000,USD,us-gaap:ProvisionForLoanLossesExpensed,2022-02-22,2021,10-K,2021-01-01,2021-12-31,0000070858-22-000062,https://www.sec.gov/Archives/edgar/data/70858/000007085822000062/0000070858-22-000062-index.html,https://data.sec.gov/api/xbrl/companyfacts/CIK0000070858.json,reported,available,,1
loan_credit_loss_provision,2022,2460000000,USD,us-gaap:FinancingReceivableExcludingAccruedInterestCreditLossExpenseReversal,2023-02-22,2022,10-K,2022-01-01,2022-12-31,0000070858-23-000092,https://www.sec.gov/Archives/edgar/data/70858/000007085823000092/0000070858-23-000092-index.html,https://data.sec.gov/api/xbrl/companyfacts/CIK0000070858.json,reported,available,,0
loan_credit_loss_provision,2022,2460000000,USD,us-gaap:FinancingReceivableExcludingAccruedInterestCreditLossExpenseReversal,2024-02-20,2023,10-K,2022-01-01,2022-12-31,0000070858-24-000122,https://www.sec.gov/Archives/edgar/data/70858/000007085824000122/0000070858-24-000122-index.html,https://data.sec.gov/api/xbrl/companyfacts/CIK0000070858.json,reported,available,,0
loan_credit_loss_provision,2022,2460000000,USD,us-gaap:FinancingReceivableExcludingAccruedInterestCreditLossExpenseReversal,2025-02-25,2024,10-K,2022-01-01,2022-12-31,0000070858-25-000139,https://www.sec.gov/Archives/edgar/data/70858/000007085825000139/0000070858-25-000139-index.html,https://data.sec.gov/api/xbrl/companyfacts/CIK0000070858.json,reported,available,,0
loan_credit_loss_provision,2023,4725000000,USD,us-gaap:FinancingReceivableExcludingAccruedInterestCreditLossExpenseReversal,2024-02-20,2023,10-K,2023-01-01,2023-12-31,0000070858-24-000122,https://www.sec.gov/Archives/edgar/data/70858/000007085824000122/0000070858-24-000122-index.html,https://data.sec.gov/api/xbrl/companyfacts/CIK0000070858.json,reported,available,,0
loan_credit_loss_provision,2023,4725000000,USD,us-gaap:FinancingReceivableExcludingAccruedInterestCreditLossExpenseReversal,2025-02-25,2024,10-K,2023-01-01,2023-12-31,0000070858-25-000139,https://www.sec.gov/Archives/edgar/data/70858/000007085825000139/0000070858-25-000139-index.html,https://data.sec.gov/api/xbrl/companyfacts/CIK0000070858.json,reported,available,,0
loan_credit_loss_provision,2023,4725000000,USD,us-gaap:FinancingReceivableExcludingAccruedInterestCreditLossExpenseReversal,2026-02-25,2025,10-K,2023-01-01,2023-12-31,0000070858-26-000157,https://www.sec.gov/Archives/edgar/data/70858/000007085826000157/0000070858-26-000157-index.html,https://data.sec.gov/api/xbrl/companyfacts/CIK0000070858.json,reported,available,,0
loan_credit_loss_provision,2024,5935000000,USD,us-gaap:FinancingReceivableExcludingAccruedInterestCreditLossExpenseReversal,2025-02-25,2024,10-K,2024-01-01,2024-12-31,0000070858-25-000139,https://www.sec.gov/Archives/edgar/data/70858/000007085825000139/0000070858-25-000139-index.html,https://data.sec.gov/api/xbrl/companyfacts/CIK0000070858.json,reported,available,,0
loan_credit_loss_provision,2024,5935000000,USD,us-gaap:FinancingReceivableExcludingAccruedInterestCreditLossExpenseReversal,2026-02-25,2025,10-K,2024-01-01,2024-12-31,0000070858-26-000157,https://www.sec.gov/Archives/edgar/data/70858/000007085826000157/0000070858-26-000157-index.html,https://data.sec.gov/api/xbrl/companyfacts/CIK0000070858.json,reported,available,,0
loan_credit_loss_provision,2025,5595000000,USD,us-gaap:FinancingReceivableExcludingAccruedInterestCreditLossExpenseReversal,2026-02-25,2025,10-K,2025-01-01,2025-12-31,0000070858-26-000157,https://www.sec.gov/Archives/edgar/data/70858/000007085826000157/0000070858-26-000157-index.html,https://data.sec.gov/api/xbrl/companyfacts/CIK0000070858.json,reported,available,,0
unfunded_credit_loss_provision,2020,755000000,USD,us-gaap:OffBalanceSheetCreditLossLiabilityCreditLossExpenseReversal,2022-02-22,2021,10-K,2020-01-01,2020-12-31,0000070858-22-000062,https://www.sec.gov/Archives/edgar/data/70858/000007085822000062/0000070858-22-000062-index.html,https://data.sec.gov/api/xbrl/companyfacts/CIK0000070858.json,reported,available,,0
unfunded_credit_loss_provision,2020,755000000,USD,us-gaap:OffBalanceSheetCreditLossLiabilityCreditLossExpenseReversal,2023-02-22,2022,10-K,2020-01-01,2020-12-31,0000070858-23-000092,https://www.sec.gov/Archives/edgar/data/70858/000007085823000092/0000070858-23-000092-index.html,https://data.sec.gov/api/xbrl/companyfacts/CIK0000070858.json,reported,available,,0
unfunded_credit_loss_provision,2021,-421000000,USD,us-gaap:OffBalanceSheetCreditLossLiabilityCreditLossExpenseReversal,2022-02-22,2021,10-K,2021-01-01,2021-12-31,0000070858-22-000062,https://www.sec.gov/Archives/edgar/data/70858/000007085822000062/0000070858-22-000062-index.html,https://data.sec.gov/api/xbrl/companyfacts/CIK0000070858.json,reported,available,,0
unfunded_credit_loss_provision,2021,-421000000,USD,us-gaap:OffBalanceSheetCreditLossLiabilityCreditLossExpenseReversal,2023-02-22,2022,10-K,2021-01-01,2021-12-31,0000070858-23-000092,https://www.sec.gov/Archives/edgar/data/70858/000007085823000092/0000070858-23-000092-index.html,https://data.sec.gov/api/xbrl/companyfacts/CIK0000070858.json,reported,available,,0
unfunded_credit_loss_provision,2021,-421000000,USD,us-gaap:OffBalanceSheetCreditLossLiabilityCreditLossExpenseReversal,2024-02-20,2023,10-K,2021-01-01,2021-12-31,0000070858-24-000122,https://www.sec.gov/Archives/edgar/data/70858/000007085824000122/0000070858-24-000122-index.html,https://data.sec.gov/api/xbrl/companyfacts/CIK0000070858.json,reported,available,,0
unfunded_credit_loss_provision,2022,83000000,USD,us-gaap:OffBalanceSheetCreditLossLiabilityCreditLossExpenseReversal,2023-02-22,2022,10-K,2022-01-01,2022-12-31,0000070858-23-000092,https://www.sec.gov/Archives/edgar/data/70858/000007085823000092/0000070858-23-000092-index.html,https://data.sec.gov/api/xbrl/companyfacts/CIK0000070858.json,reported,available,,0
unfunded_credit_loss_provision,2022,83000000,USD,us-gaap:OffBalanceSheetCreditLossLiabilityCreditLossExpenseReversal,2024-02-20,2023,10-K,2022-01-01,2022-12-31,0000070858-24-000122,https://www.sec.gov/Archives/edgar/data/70858/000007085824000122/0000070858-24-000122-index.html,https://data.sec.gov/api/xbrl/companyfacts/CIK0000070858.json,reported,available,,0
unfunded_credit_loss_provision,2022,83000000,USD,us-gaap:OffBalanceSheetCreditLossLiabilityCreditLossExpenseReversal,2025-02-25,2024,10-K,2022-01-01,2022-12-31,0000070858-25-000139,https://www.sec.gov/Archives/edgar/data/70858/000007085825000139/0000070858-25-000139-index.html,https://data.sec.gov/api/xbrl/companyfacts/CIK0000070858.json,reported,available,,0
unfunded_credit_loss_provision,2023,-331000000,USD,us-gaap:OffBalanceSheetCreditLossLiabilityCreditLossExpenseReversal,2024-02-20,2023,10-K,2023-01-01,2023-12-31,0000070858-24-000122,https://www.sec.gov/Archives/edgar/data/70858/000007085824000122/0000070858-24-000122-index.html,https://data.sec.gov/api/xbrl/companyfacts/CIK0000070858.json,reported,available,,0
unfunded_credit_loss_provision,2023,-331000000,USD,us-gaap:OffBalanceSheetCreditLossLiabilityCreditLossExpenseReversal,2025-02-25,2024,10-K,2023-01-01,2023-12-31,0000070858-25-000139,https://www.sec.gov/Archives/edgar/data/70858/000007085825000139/0000070858-25-000139-index.html,https://data.sec.gov/api/xbrl/companyfacts/CIK0000070858.json,reported,available,,0
unfunded_credit_loss_provision,2023,-331000000,USD,us-gaap:OffBalanceSheetCreditLossLiabilityCreditLossExpenseReversal,2026-02-25,2025,10-K,2023-01-01,2023-12-31,0000070858-26-000157,https://www.sec.gov/Archives/edgar/data/70858/000007085826000157/0000070858-26-000157-index.html,https://data.sec.gov/api/xbrl/companyfacts/CIK0000070858.json,reported,available,,0
unfunded_credit_loss_provision,2024,-114000000,USD,us-gaap:OffBalanceSheetCreditLossLiabilityCreditLossExpenseReversal,2025-02-25,2024,10-K,2024-01-01,2024-12-31,0000070858-25-000139,https://www.sec.gov/Archives/edgar/data/70858/000007085825000139/0000070858-25-000139-index.html,https://data.sec.gov/api/xbrl/companyfacts/CIK0000070858.json,reported,available,,0
unfunded_credit_loss_provision,2024,-114000000,USD,us-gaap:OffBalanceSheetCreditLossLiabilityCreditLossExpenseReversal,2026-02-25,2025,10-K,2024-01-01,2024-12-31,0000070858-26-000157,https://www.sec.gov/Archives/edgar/data/70858/000007085826000157/0000070858-26-000157-index.html,https://data.sec.gov/api/xbrl/companyfacts/CIK0000070858.json,reported,available,,0
unfunded_credit_loss_provision,2025,80000000,USD,us-gaap:OffBalanceSheetCreditLossLiabilityCreditLossExpenseReversal,2026-02-25,2025,10-K,2025-01-01,2025-12-31,0000070858-26-000157,https://www.sec.gov/Archives/edgar/data/70858/000007085826000157/0000070858-26-000157-index.html,https://data.sec.gov/api/xbrl/companyfacts/CIK0000070858.json,reported,available,,0
loan_loss_allowance,2020,18802000000,USD,us-gaap:FinancingReceivableAllowanceForCreditLossExcludingAccruedInterest,2023-02-22,2022,10-K,,2020-12-31,0000070858-23-000092,https://www.sec.gov/Archives/edgar/data/70858/000007085823000092/0000070858-23-000092-index.html,https://data.sec.gov/api/xbrl/companyfacts/CIK0000070858.json,reported,available,,0
loan_loss_allowance,2020,18802000000,USD,us-gaap:FinancingReceivableAllowanceForCreditLossExcludingAccruedInterest,2024-02-20,2023,10-K,,2020-12-31,0000070858-24-000122,https://www.sec.gov/Archives/edgar/data/70858/000007085824000122/0000070858-24-000122-index.html,https://data.sec.gov/api/xbrl/companyfacts/CIK0000070858.json,reported,available,,0
loan_loss_allowance,2020,18802000000,USD,us-gaap:FinancingReceivableAllowanceForCreditLosses,2021-02-24,2020,10-K,,2020-12-31,0000070858-21-000023,https://www.sec.gov/Archives/edgar/data/70858/000007085821000023/0000070858-21-000023-index.html,https://data.sec.gov/api/xbrl/companyfacts/CIK0000070858.json,reported,available,,1
loan_loss_allowance,2020,18802000000,USD,us-gaap:FinancingReceivableAllowanceForCreditLosses,2022-02-22,2021,10-K,,2020-12-31,0000070858-22-000062,https://www.sec.gov/Archives/edgar/data/70858/000007085822000062/0000070858-22-000062-index.html,https://data.sec.gov/api/xbrl/companyfacts/CIK0000070858.json,reported,available,,1
loan_loss_allowance,2021,12387000000,USD,us-gaap:FinancingReceivableAllowanceForCreditLossExcludingAccruedInterest,2023-02-22,2022,10-K,,2021-12-31,0000070858-23-000092,https://www.sec.gov/Archives/edgar/data/70858/000007085823000092/0000070858-23-000092-index.html,https://data.sec.gov/api/xbrl/companyfacts/CIK0000070858.json,reported,available,,0
loan_loss_allowance,2021,12387000000,USD,us-gaap:FinancingReceivableAllowanceForCreditLossExcludingAccruedInterest,2024-02-20,2023,10-K,,2021-12-31,0000070858-24-000122,https://www.sec.gov/Archives/edgar/data/70858/000007085824000122/0000070858-24-000122-index.html,https://data.sec.gov/api/xbrl/companyfacts/CIK0000070858.json,reported,available,,0
loan_loss_allowance,2021,12387000000,USD,us-gaap:FinancingReceivableAllowanceForCreditLossExcludingAccruedInterest,2025-02-25,2024,10-K,,2021-12-31,0000070858-25-000139,https://www.sec.gov/Archives/edgar/data/70858/000007085825000139/0000070858-25-000139-index.html,https://data.sec.gov/api/xbrl/companyfacts/CIK0000070858.json,reported,available,,0
loan_loss_allowance,2021,12387000000,USD,us-gaap:FinancingReceivableAllowanceForCreditLosses,2022-02-22,2021,10-K,,2021-12-31,0000070858-22-000062,https://www.sec.gov/Archives/edgar/data/70858/000007085822000062/0000070858-22-000062-index.html,https://data.sec.gov/api/xbrl/companyfacts/CIK0000070858.json,reported,available,,1
loan_loss_allowance,2022,12682000000,USD,us-gaap:FinancingReceivableAllowanceForCreditLossExcludingAccruedInterest,2023-02-22,2022,10-K,,2022-12-31,0000070858-23-000092,https://www.sec.gov/Archives/edgar/data/70858/000007085823000092/0000070858-23-000092-index.html,https://data.sec.gov/api/xbrl/companyfacts/CIK0000070858.json,reported,available,,0
loan_loss_allowance,2022,12682000000,USD,us-gaap:FinancingReceivableAllowanceForCreditLossExcludingAccruedInterest,2024-02-20,2023,10-K,,2022-12-31,0000070858-24-000122,https://www.sec.gov/Archives/edgar/data/70858/000007085824000122/0000070858-24-000122-index.html,https://data.sec.gov/api/xbrl/companyfacts/CIK0000070858.json,reported,available,,0
loan_loss_allowance,2022,12682000000,USD,us-gaap:FinancingReceivableAllowanceForCreditLossExcludingAccruedInterest,2025-02-25,2024,10-K,,2022-12-31,0000070858-25-000139,https://www.sec.gov/Archives/edgar/data/70858/000007085825000139/0000070858-25-000139-index.html,https://data.sec.gov/api/xbrl/companyfacts/CIK0000070858.json,reported,available,,0
loan_loss_allowance,2022,12682000000,USD,us-gaap:FinancingReceivableAllowanceForCreditLossExcludingAccruedInterest,2026-02-25,2025,10-K,,2022-12-31,0000070858-26-000157,https://www.sec.gov/Archives/edgar/data/70858/000007085826000157/0000070858-26-000157-index.html,https://data.sec.gov/api/xbrl/companyfacts/CIK0000070858.json,reported,available,,0
loan_loss_allowance,2023,13342000000,USD,us-gaap:FinancingReceivableAllowanceForCreditLossExcludingAccruedInterest,2024-02-20,2023,10-K,,2023-12-31,0000070858-24-000122,https://www.sec.gov/Archives/edgar/data/70858/000007085824000122/0000070858-24-000122-index.html,https://data.sec.gov/api/xbrl/companyfacts/CIK0000070858.json,reported,available,,0
loan_loss_allowance,2023,13342000000,USD,us-gaap:FinancingReceivableAllowanceForCreditLossExcludingAccruedInterest,2025-02-25,2024,10-K,,2023-12-31,0000070858-25-000139,https://www.sec.gov/Archives/edgar/data/70858/000007085825000139/0000070858-25-000139-index.html,https://data.sec.gov/api/xbrl/companyfacts/CIK0000070858.json,reported,available,,0
loan_loss_allowance,2023,13342000000,USD,us-gaap:FinancingReceivableAllowanceForCreditLossExcludingAccruedInterest,2026-02-25,2025,10-K,,2023-12-31,0000070858-26-000157,https://www.sec.gov/Archives/edgar/data/70858/000007085826000157/0000070858-26-000157-index.html,https://data.sec.gov/api/xbrl/companyfacts/CIK0000070858.json,reported,available,,0
loan_loss_allowance,2024,13240000000,USD,us-gaap:FinancingReceivableAllowanceForCreditLossExcludingAccruedInterest,2025-02-25,2024,10-K,,2024-12-31,0000070858-25-000139,https://www.sec.gov/Archives/edgar/data/70858/000007085825000139/0000070858-25-000139-index.html,https://data.sec.gov/api/xbrl/companyfacts/CIK0000070858.json,reported,available,,0
loan_loss_allowance,2024,13240000000,USD,us-gaap:FinancingReceivableAllowanceForCreditLossExcludingAccruedInterest,2026-02-25,2025,10-K,,2024-12-31,0000070858-26-000157,https://www.sec.gov/Archives/edgar/data/70858/000007085826000157/0000070858-26-000157-index.html,https://data.sec.gov/api/xbrl/companyfacts/CIK0000070858.json,reported,available,,0
loan_loss_allowance,2025,13203000000,USD,us-gaap:FinancingReceivableAllowanceForCreditLossExcludingAccruedInterest,2026-02-25,2025,10-K,,2025-12-31,0000070858-26-000157,https://www.sec.gov/Archives/edgar/data/70858/000007085826000157/0000070858-26-000157-index.html,https://data.sec.gov/api/xbrl/companyfacts/CIK0000070858.json,reported,available,,0
unfunded_credit_loss_allowance,2020,1878000000,USD,us-gaap:OffBalanceSheetCreditLossLiability,2021-02-24,2020,10-K,,2020-12-31,0000070858-21-000023,https://www.sec.gov/Archives/edgar/data/70858/000007085821000023/0000070858-21-000023-index.html,https://data.sec.gov/api/xbrl/companyfacts/CIK0000070858.json,reported,available,,0
unfunded_credit_loss_allowance,2020,1878000000,USD,us-gaap:OffBalanceSheetCreditLossLiability,2022-02-22,2021,10-K,,2020-12-31,0000070858-22-000062,https://www.sec.gov/Archives/edgar/data/70858/000007085822000062/0000070858-22-000062-index.html,https://data.sec.gov/api/xbrl/companyfacts/CIK0000070858.json,reported,available,,0
unfunded_credit_loss_allowance,2020,1878000000,USD,us-gaap:OffBalanceSheetCreditLossLiability,2023-02-22,2022,10-K,,2020-12-31,0000070858-23-000092,https://www.sec.gov/Archives/edgar/data/70858/000007085823000092/0000070858-23-000092-index.html,https://data.sec.gov/api/xbrl/companyfacts/CIK0000070858.json,reported,available,,0
unfunded_credit_loss_allowance,2020,1878000000,USD,us-gaap:OffBalanceSheetCreditLossLiability,2024-02-20,2023,10-K,,2020-12-31,0000070858-24-000122,https://www.sec.gov/Archives/edgar/data/70858/000007085824000122/0000070858-24-000122-index.html,https://data.sec.gov/api/xbrl/companyfacts/CIK0000070858.json,reported,available,,0
unfunded_credit_loss_allowance,2021,1456000000,USD,us-gaap:OffBalanceSheetCreditLossLiability,2022-02-22,2021,10-K,,2021-12-31,0000070858-22-000062,https://www.sec.gov/Archives/edgar/data/70858/000007085822000062/0000070858-22-000062-index.html,https://data.sec.gov/api/xbrl/companyfacts/CIK0000070858.json,reported,available,,0
unfunded_credit_loss_allowance,2021,1456000000,USD,us-gaap:OffBalanceSheetCreditLossLiability,2023-02-22,2022,10-K,,2021-12-31,0000070858-23-000092,https://www.sec.gov/Archives/edgar/data/70858/000007085823000092/0000070858-23-000092-index.html,https://data.sec.gov/api/xbrl/companyfacts/CIK0000070858.json,reported,available,,0
unfunded_credit_loss_allowance,2021,1456000000,USD,us-gaap:OffBalanceSheetCreditLossLiability,2024-02-20,2023,10-K,,2021-12-31,0000070858-24-000122,https://www.sec.gov/Archives/edgar/data/70858/000007085824000122/0000070858-24-000122-index.html,https://data.sec.gov/api/xbrl/companyfacts/CIK0000070858.json,reported,available,,0
unfunded_credit_loss_allowance,2021,1456000000,USD,us-gaap:OffBalanceSheetCreditLossLiability,2025-02-25,2024,10-K,,2021-12-31,0000070858-25-000139,https://www.sec.gov/Archives/edgar/data/70858/000007085825000139/0000070858-25-000139-index.html,https://data.sec.gov/api/xbrl/companyfacts/CIK0000070858.json,reported,available,,0
unfunded_credit_loss_allowance,2022,1540000000,USD,us-gaap:OffBalanceSheetCreditLossLiability,2023-02-22,2022,10-K,,2022-12-31,0000070858-23-000092,https://www.sec.gov/Archives/edgar/data/70858/000007085823000092/0000070858-23-000092-index.html,https://data.sec.gov/api/xbrl/companyfacts/CIK0000070858.json,reported,available,,0
unfunded_credit_loss_allowance,2022,1540000000,USD,us-gaap:OffBalanceSheetCreditLossLiability,2024-02-20,2023,10-K,,2022-12-31,0000070858-24-000122,https://www.sec.gov/Archives/edgar/data/70858/000007085824000122/0000070858-24-000122-index.html,https://data.sec.gov/api/xbrl/companyfacts/CIK0000070858.json,reported,available,,0
unfunded_credit_loss_allowance,2022,1540000000,USD,us-gaap:OffBalanceSheetCreditLossLiability,2025-02-25,2024,10-K,,2022-12-31,0000070858-25-000139,https://www.sec.gov/Archives/edgar/data/70858/000007085825000139/0000070858-25-000139-index.html,https://data.sec.gov/api/xbrl/companyfacts/CIK0000070858.json,reported,available,,0
unfunded_credit_loss_allowance,2022,1540000000,USD,us-gaap:OffBalanceSheetCreditLossLiability,2026-02-25,2025,10-K,,2022-12-31,0000070858-26-000157,https://www.sec.gov/Archives/edgar/data/70858/000007085826000157/0000070858-26-000157-index.html,https://data.sec.gov/api/xbrl/companyfacts/CIK0000070858.json,reported,available,,0
unfunded_credit_loss_allowance,2023,1209000000,USD,us-gaap:OffBalanceSheetCreditLossLiability,2024-02-20,2023,10-K,,2023-12-31,0000070858-24-000122,https://www.sec.gov/Archives/edgar/data/70858/000007085824000122/0000070858-24-000122-index.html,https://data.sec.gov/api/xbrl/companyfacts/CIK0000070858.json,reported,available,,0
unfunded_credit_loss_allowance,2023,1209000000,USD,us-gaap:OffBalanceSheetCreditLossLiability,2025-02-25,2024,10-K,,2023-12-31,0000070858-25-000139,https://www.sec.gov/Archives/edgar/data/70858/000007085825000139/0000070858-25-000139-index.html,https://data.sec.gov/api/xbrl/companyfacts/CIK0000070858.json,reported,available,,0
unfunded_credit_loss_allowance,2023,1209000000,USD,us-gaap:OffBalanceSheetCreditLossLiability,2026-02-25,2025,10-K,,2023-12-31,0000070858-26-000157,https://www.sec.gov/Archives/edgar/data/70858/000007085826000157/0000070858-26-000157-index.html,https://data.sec.gov/api/xbrl/companyfacts/CIK0000070858.json,reported,available,,0
unfunded_credit_loss_allowance,2024,1096000000,USD,us-gaap:OffBalanceSheetCreditLossLiability,2025-02-25,2024,10-K,,2024-12-31,0000070858-25-000139,https://www.sec.gov/Archives/edgar/data/70858/000007085825000139/0000070858-25-000139-index.html,https://data.sec.gov/api/xbrl/companyfacts/CIK0000070858.json,reported,available,,0
unfunded_credit_loss_allowance,2024,1096000000,USD,us-gaap:OffBalanceSheetCreditLossLiability,2026-02-25,2025,10-K,,2024-12-31,0000070858-26-000157,https://www.sec.gov/Archives/edgar/data/70858/000007085826000157/0000070858-26-000157-index.html,https://data.sec.gov/api/xbrl/companyfacts/CIK0000070858.json,reported,available,,0
unfunded_credit_loss_allowance,2025,1177000000,USD,us-gaap:OffBalanceSheetCreditLossLiability,2026-02-25,2025,10-K,,2025-12-31,0000070858-26-000157,https://www.sec.gov/Archives/edgar/data/70858/000007085826000157/0000070858-26-000157-index.html,https://data.sec.gov/api/xbrl/companyfacts/CIK0000070858.json,reported,available,,0
total_equity,2020,272924000000,USD,us-gaap:StockholdersEquity,2021-02-24,2020,10-K,,2020-12-31,0000070858-21-000023,https://www.sec.gov/Archives/edgar/data/70858/000007085821000023/0000070858-21-000023-index.html,https://data.sec.gov/api/xbrl/companyfacts/CIK0000070858.json,reported,available,,0
total_equity,2020,272924000000,USD,us-gaap:StockholdersEquity,2022-02-22,2021,10-K,,2020-12-31,0000070858-22-000062,https://www.sec.gov/Archives/edgar/data/70858/000007085822000062/0000070858-22-000062-index.html,https://data.sec.gov/api/xbrl/companyfacts/CIK0000070858.json,reported,available,,0
total_equity,2020,272924000000,USD,us-gaap:StockholdersEquity,2023-02-22,2022,10-K,,2020-12-31,0000070858-23-000092,https://www.sec.gov/Archives/edgar/data/70858/000007085823000092/0000070858-23-000092-index.html,https://data.sec.gov/api/xbrl/companyfacts/CIK0000070858.json,reported,available,,0
total_equity,2020,272924000000,USD,us-gaap:StockholdersEquity,2024-02-20,2023,10-K,,2020-12-31,0000070858-24-000122,https://www.sec.gov/Archives/edgar/data/70858/000007085824000122/0000070858-24-000122-index.html,https://data.sec.gov/api/xbrl/companyfacts/CIK0000070858.json,reported,available,,0
total_equity,2021,270066000000,USD,us-gaap:StockholdersEquity,2022-02-22,2021,10-K,,2021-12-31,0000070858-22-000062,https://www.sec.gov/Archives/edgar/data/70858/000007085822000062/0000070858-22-000062-index.html,https://data.sec.gov/api/xbrl/companyfacts/CIK0000070858.json,reported,available,,0
total_equity,2021,270066000000,USD,us-gaap:StockholdersEquity,2023-02-22,2022,10-K,,2021-12-31,0000070858-23-000092,https://www.sec.gov/Archives/edgar/data/70858/000007085823000092/0000070858-23-000092-index.html,https://data.sec.gov/api/xbrl/companyfacts/CIK0000070858.json,reported,available,,0
total_equity,2021,270066000000,USD,us-gaap:StockholdersEquity,2024-02-20,2023,10-K,,2021-12-31,0000070858-24-000122,https://www.sec.gov/Archives/edgar/data/70858/000007085824000122/0000070858-24-000122-index.html,https://data.sec.gov/api/xbrl/companyfacts/CIK0000070858.json,reported,available,,0
total_equity,2021,270066000000,USD,us-gaap:StockholdersEquity,2025-02-25,2024,10-K,,2021-12-31,0000070858-25-000139,https://www.sec.gov/Archives/edgar/data/70858/000007085825000139/0000070858-25-000139-index.html,https://data.sec.gov/api/xbrl/companyfacts/CIK0000070858.json,reported,available,,0
total_equity,2022,273197000000,USD,us-gaap:StockholdersEquity,2023-02-22,2022,10-K,,2022-12-31,0000070858-23-000092,https://www.sec.gov/Archives/edgar/data/70858/000007085823000092/0000070858-23-000092-index.html,https://data.sec.gov/api/xbrl/companyfacts/CIK0000070858.json,reported,available,,0
total_equity,2022,273197000000,USD,us-gaap:StockholdersEquity,2024-02-20,2023,10-K,,2022-12-31,0000070858-24-000122,https://www.sec.gov/Archives/edgar/data/70858/000007085824000122/0000070858-24-000122-index.html,https://data.sec.gov/api/xbrl/companyfacts/CIK0000070858.json,reported,available,,0
total_equity,2022,273197000000,USD,us-gaap:StockholdersEquity,2025-02-25,2024,10-K,,2022-12-31,0000070858-25-000139,https://www.sec.gov/Archives/edgar/data/70858/000007085825000139/0000070858-25-000139-index.html,https://data.sec.gov/api/xbrl/companyfacts/CIK0000070858.json,reported,available,,0
total_equity,2022,273197000000,USD,us-gaap:StockholdersEquity,2026-02-25,2025,10-K,,2022-12-31,0000070858-26-000157,https://www.sec.gov/Archives/edgar/data/70858/000007085826000157/0000070858-26-000157-index.html,https://data.sec.gov/api/xbrl/companyfacts/CIK0000070858.json,reported,available,,0
total_equity,2023,291646000000,USD,us-gaap:StockholdersEquity,2024-02-20,2023,10-K,,2023-12-31,0000070858-24-000122,https://www.sec.gov/Archives/edgar/data/70858/000007085824000122/0000070858-24-000122-index.html,https://data.sec.gov/api/xbrl/companyfacts/CIK0000070858.json,reported,available,,0
total_equity,2023,291646000000,USD,us-gaap:StockholdersEquity,2025-02-25,2024,10-K,,2023-12-31,0000070858-25-000139,https://www.sec.gov/Archives/edgar/data/70858/000007085825000139/0000070858-25-000139-index.html,https://data.sec.gov/api/xbrl/companyfacts/CIK0000070858.json,reported,available,,0
total_equity,2023,290209000000,USD,us-gaap:StockholdersEquity,2026-02-25,2025,10-K,,2023-12-31,0000070858-26-000157,https://www.sec.gov/Archives/edgar/data/70858/000007085826000157/0000070858-26-000157-index.html,https://data.sec.gov/api/xbrl/companyfacts/CIK0000070858.json,reported,available,,0
total_equity,2024,295559000000,USD,us-gaap:StockholdersEquity,2025-02-25,2024,10-K,,2024-12-31,0000070858-25-000139,https://www.sec.gov/Archives/edgar/data/70858/000007085825000139/0000070858-25-000139-index.html,https://data.sec.gov/api/xbrl/companyfacts/CIK0000070858.json,reported,available,,0
total_equity,2024,293963000000,USD,us-gaap:StockholdersEquity,2026-02-25,2025,10-K,,2024-12-31,0000070858-26-000157,https://www.sec.gov/Archives/edgar/data/70858/000007085826000157/0000070858-26-000157-index.html,https://data.sec.gov/api/xbrl/companyfacts/CIK0000070858.json,reported,available,,0
total_equity,2025,303243000000,USD,us-gaap:StockholdersEquity,2026-02-25,2025,10-K,,2025-12-31,0000070858-26-000157,https://www.sec.gov/Archives/edgar/data/70858/000007085826000157/0000070858-26-000157-index.html,https://data.sec.gov/api/xbrl/companyfacts/CIK0000070858.json,reported,available,,0
preferred_equity,2020,24510000000,USD,us-gaap:PreferredStockIncludingAdditionalPaidInCapital,2021-02-24,2020,10-K,,2020-12-31,0000070858-21-000023,https://www.sec.gov/Archives/edgar/data/70858/000007085821000023/0000070858-21-000023-index.html,https://data.sec.gov/api/xbrl/companyfacts/CIK0000070858.json,reported,available,,0
preferred_equity,2021,24708000000,USD,us-gaap:PreferredStockIncludingAdditionalPaidInCapital,2022-02-22,2021,10-K,,2021-12-31,0000070858-22-000062,https://www.sec.gov/Archives/edgar/data/70858/000007085822000062/0000070858-22-000062-index.html,https://data.sec.gov/api/xbrl/companyfacts/CIK0000070858.json,reported,available,,0
preferred_equity,2022,28397000000,USD,us-gaap:PreferredStockIncludingAdditionalPaidInCapital,2023-02-22,2022,10-K,,2022-12-31,0000070858-23-000092,https://www.sec.gov/Archives/edgar/data/70858/000007085823000092/0000070858-23-000092-index.html,https://data.sec.gov/api/xbrl/companyfacts/CIK0000070858.json,reported,available,,0
preferred_equity,2023,28397000000,USD,us-gaap:PreferredStockIncludingAdditionalPaidInCapital,2024-02-20,2023,10-K,,2023-12-31,0000070858-24-000122,https://www.sec.gov/Archives/edgar/data/70858/000007085824000122/0000070858-24-000122-index.html,https://data.sec.gov/api/xbrl/companyfacts/CIK0000070858.json,reported,available,,0
preferred_equity,2024,23159000000,USD,us-gaap:PreferredStockIncludingAdditionalPaidInCapital,2025-02-25,2024,10-K,,2024-12-31,0000070858-25-000139,https://www.sec.gov/Archives/edgar/data/70858/000007085825000139/0000070858-25-000139-index.html,https://data.sec.gov/api/xbrl/companyfacts/CIK0000070858.json,reported,available,,0
preferred_equity,2025,25992000000,USD,us-gaap:PreferredStockIncludingAdditionalPaidInCapital,2026-02-25,2025,10-K,,2025-12-31,0000070858-26-000157,https://www.sec.gov/Archives/edgar/data/70858/000007085826000157/0000070858-26-000157-index.html,https://data.sec.gov/api/xbrl/companyfacts/CIK0000070858.json,reported,available,,0
trading_assets,2020,198854000000,USD,us-gaap:TradingSecurities,2021-02-24,2020,10-K,,2020-12-31,0000070858-21-000023,https://www.sec.gov/Archives/edgar/data/70858/000007085821000023/0000070858-21-000023-index.html,https://data.sec.gov/api/xbrl/companyfacts/CIK0000070858.json,reported,available,,0
trading_assets,2020,198854000000,USD,us-gaap:TradingSecurities,2022-02-22,2021,10-K,,2020-12-31,0000070858-22-000062,https://www.sec.gov/Archives/edgar/data/70858/000007085822000062/0000070858-22-000062-index.html,https://data.sec.gov/api/xbrl/companyfacts/CIK0000070858.json,reported,available,,0
trading_assets,2021,247080000000,USD,us-gaap:TradingSecurities,2022-02-22,2021,10-K,,2021-12-31,0000070858-22-000062,https://www.sec.gov/Archives/edgar/data/70858/000007085822000062/0000070858-22-000062-index.html,https://data.sec.gov/api/xbrl/companyfacts/CIK0000070858.json,reported,available,,0
trading_assets,2021,247080000000,USD,us-gaap:TradingSecurities,2023-02-22,2022,10-K,,2021-12-31,0000070858-23-000092,https://www.sec.gov/Archives/edgar/data/70858/000007085823000092/0000070858-23-000092-index.html,https://data.sec.gov/api/xbrl/companyfacts/CIK0000070858.json,reported,available,,0
trading_assets,2022,296108000000,USD,us-gaap:TradingSecurities,2023-02-22,2022,10-K,,2022-12-31,0000070858-23-000092,https://www.sec.gov/Archives/edgar/data/70858/000007085823000092/0000070858-23-000092-index.html,https://data.sec.gov/api/xbrl/companyfacts/CIK0000070858.json,reported,available,,0
trading_assets,2022,296108000000,USD,us-gaap:TradingSecurities,2024-02-20,2023,10-K,,2022-12-31,0000070858-24-000122,https://www.sec.gov/Archives/edgar/data/70858/000007085824000122/0000070858-24-000122-index.html,https://data.sec.gov/api/xbrl/companyfacts/CIK0000070858.json,reported,available,,0
trading_assets,2023,277354000000,USD,us-gaap:TradingSecurities,2024-02-20,2023,10-K,,2023-12-31,0000070858-24-000122,https://www.sec.gov/Archives/edgar/data/70858/000007085824000122/0000070858-24-000122-index.html,https://data.sec.gov/api/xbrl/companyfacts/CIK0000070858.json,reported,available,,0
trading_assets,2023,277354000000,USD,us-gaap:TradingSecurities,2025-02-25,2024,10-K,,2023-12-31,0000070858-25-000139,https://www.sec.gov/Archives/edgar/data/70858/000007085825000139/0000070858-25-000139-index.html,https://data.sec.gov/api/xbrl/companyfacts/CIK0000070858.json,reported,available,,0
trading_assets,2024,314460000000,USD,us-gaap:TradingSecurities,2025-02-25,2024,10-K,,2024-12-31,0000070858-25-000139,https://www.sec.gov/Archives/edgar/data/70858/000007085825000139/0000070858-25-000139-index.html,https://data.sec.gov/api/xbrl/companyfacts/CIK0000070858.json,reported,available,,0
trading_assets,2024,314460000000,USD,us-gaap:TradingSecurities,2026-02-25,2025,10-K,,2024-12-31,0000070858-26-000157,https://www.sec.gov/Archives/edgar/data/70858/000007085826000157/0000070858-26-000157-index.html,https://data.sec.gov/api/xbrl/companyfacts/CIK0000070858.json,reported,available,,0
trading_assets,2025,366954000000,USD,us-gaap:TradingSecurities,2026-02-25,2025,10-K,,2025-12-31,0000070858-26-000157,https://www.sec.gov/Archives/edgar/data/70858/000007085826000157/0000070858-26-000157-index.html,https://data.sec.gov/api/xbrl/companyfacts/CIK0000070858.json,reported,available,,0
trading_liabilities,2020,71320000000,USD,us-gaap:TradingLiabilities,2021-02-24,2020,10-K,,2020-12-31,0000070858-21-000023,https://www.sec.gov/Archives/edgar/data/70858/000007085821000023/0000070858-21-000023-index.html,https://data.sec.gov/api/xbrl/companyfacts/CIK0000070858.json,reported,available,,0
trading_liabilities,2020,71320000000,USD,us-gaap:TradingLiabilities,2022-02-22,2021,10-K,,2020-12-31,0000070858-22-000062,https://www.sec.gov/Archives/edgar/data/70858/000007085822000062/0000070858-22-000062-index.html,https://data.sec.gov/api/xbrl/companyfacts/CIK0000070858.json,reported,available,,0
trading_liabilities,2021,100690000000,USD,us-gaap:TradingLiabilities,2022-02-22,2021,10-K,,2021-12-31,0000070858-22-000062,https://www.sec.gov/Archives/edgar/data/70858/000007085822000062/0000070858-22-000062-index.html,https://data.sec.gov/api/xbrl/companyfacts/CIK0000070858.json,reported,available,,0
trading_liabilities,2021,100690000000,USD,us-gaap:TradingLiabilities,2023-02-22,2022,10-K,,2021-12-31,0000070858-23-000092,https://www.sec.gov/Archives/edgar/data/70858/000007085823000092/0000070858-23-000092-index.html,https://data.sec.gov/api/xbrl/companyfacts/CIK0000070858.json,reported,available,,0
trading_liabilities,2022,80399000000,USD,us-gaap:TradingLiabilities,2023-02-22,2022,10-K,,2022-12-31,0000070858-23-000092,https://www.sec.gov/Archives/edgar/data/70858/000007085823000092/0000070858-23-000092-index.html,https://data.sec.gov/api/xbrl/companyfacts/CIK0000070858.json,reported,available,,0
trading_liabilities,2022,80399000000,USD,us-gaap:TradingLiabilities,2024-02-20,2023,10-K,,2022-12-31,0000070858-24-000122,https://www.sec.gov/Archives/edgar/data/70858/000007085824000122/0000070858-24-000122-index.html,https://data.sec.gov/api/xbrl/companyfacts/CIK0000070858.json,reported,available,,0
trading_liabilities,2023,95530000000,USD,us-gaap:TradingLiabilities,2024-02-20,2023,10-K,,2023-12-31,0000070858-24-000122,https://www.sec.gov/Archives/edgar/data/70858/000007085824000122/0000070858-24-000122-index.html,https://data.sec.gov/api/xbrl/companyfacts/CIK0000070858.json,reported,available,,0
trading_liabilities,2023,95530000000,USD,us-gaap:TradingLiabilities,2025-02-25,2024,10-K,,2023-12-31,0000070858-25-000139,https://www.sec.gov/Archives/edgar/data/70858/000007085825000139/0000070858-25-000139-index.html,https://data.sec.gov/api/xbrl/companyfacts/CIK0000070858.json,reported,available,,0
trading_liabilities,2024,92543000000,USD,us-gaap:TradingLiabilities,2025-02-25,2024,10-K,,2024-12-31,0000070858-25-000139,https://www.sec.gov/Archives/edgar/data/70858/000007085825000139/0000070858-25-000139-index.html,https://data.sec.gov/api/xbrl/companyfacts/CIK0000070858.json,reported,available,,0
trading_liabilities,2024,92543000000,USD,us-gaap:TradingLiabilities,2026-02-25,2025,10-K,,2024-12-31,0000070858-26-000157,https://www.sec.gov/Archives/edgar/data/70858/000007085826000157/0000070858-26-000157-index.html,https://data.sec.gov/api/xbrl/companyfacts/CIK0000070858.json,reported,available,,0
trading_liabilities,2025,105996000000,USD,us-gaap:TradingLiabilities,2026-02-25,2025,10-K,,2025-12-31,0000070858-26-000157,https://www.sec.gov/Archives/edgar/data/70858/000007085826000157/0000070858-26-000157-index.html,https://data.sec.gov/api/xbrl/companyfacts/CIK0000070858.json,reported,available,,0
noninterest_expense,2020,55213000000,USD,us-gaap:NoninterestExpense,2021-02-24,2020,10-K,2020-01-01,2020-12-31,0000070858-21-000023,https://www.sec.gov/Archives/edgar/data/70858/000007085821000023/0000070858-21-000023-index.html,https://data.sec.gov/api/xbrl/companyfacts/CIK0000070858.json,reported,available,,0
noninterest_expense,2020,55213000000,USD,us-gaap:NoninterestExpense,2022-02-22,2021,10-K,2020-01-01,2020-12-31,0000070858-22-000062,https://www.sec.gov/Archives/edgar/data/70858/000007085822000062/0000070858-22-000062-index.html,https://data.sec.gov/api/xbrl/companyfacts/CIK0000070858.json,reported,available,,0
noninterest_expense,2020,55213000000,USD,us-gaap:NoninterestExpense,2023-02-22,2022,10-K,2020-01-01,2020-12-31,0000070858-23-000092,https://www.sec.gov/Archives/edgar/data/70858/000007085823000092/0000070858-23-000092-index.html,https://data.sec.gov/api/xbrl/companyfacts/CIK0000070858.json,reported,available,,0
noninterest_expense,2021,59731000000,USD,us-gaap:NoninterestExpense,2022-02-22,2021,10-K,2021-01-01,2021-12-31,0000070858-22-000062,https://www.sec.gov/Archives/edgar/data/70858/000007085822000062/0000070858-22-000062-index.html,https://data.sec.gov/api/xbrl/companyfacts/CIK0000070858.json,reported,available,,0
noninterest_expense,2021,59731000000,USD,us-gaap:NoninterestExpense,2023-02-22,2022,10-K,2021-01-01,2021-12-31,0000070858-23-000092,https://www.sec.gov/Archives/edgar/data/70858/000007085823000092/0000070858-23-000092-index.html,https://data.sec.gov/api/xbrl/companyfacts/CIK0000070858.json,reported,available,,0
noninterest_expense,2021,59731000000,USD,us-gaap:NoninterestExpense,2024-02-20,2023,10-K,2021-01-01,2021-12-31,0000070858-24-000122,https://www.sec.gov/Archives/edgar/data/70858/000007085824000122/0000070858-24-000122-index.html,https://data.sec.gov/api/xbrl/companyfacts/CIK0000070858.json,reported,available,,0
noninterest_expense,2022,61438000000,USD,us-gaap:NoninterestExpense,2023-02-22,2022,10-K,2022-01-01,2022-12-31,0000070858-23-000092,https://www.sec.gov/Archives/edgar/data/70858/000007085823000092/0000070858-23-000092-index.html,https://data.sec.gov/api/xbrl/companyfacts/CIK0000070858.json,reported,available,,0
noninterest_expense,2022,61438000000,USD,us-gaap:NoninterestExpense,2024-02-20,2023,10-K,2022-01-01,2022-12-31,0000070858-24-000122,https://www.sec.gov/Archives/edgar/data/70858/000007085824000122/0000070858-24-000122-index.html,https://data.sec.gov/api/xbrl/companyfacts/CIK0000070858.json,reported,available,,0
noninterest_expense,2022,61438000000,USD,us-gaap:NoninterestExpense,2025-02-25,2024,10-K,2022-01-01,2022-12-31,0000070858-25-000139,https://www.sec.gov/Archives/edgar/data/70858/000007085825000139/0000070858-25-000139-index.html,https://data.sec.gov/api/xbrl/companyfacts/CIK0000070858.json,reported,available,,0
noninterest_expense,2023,65845000000,USD,us-gaap:NoninterestExpense,2024-02-20,2023,10-K,2023-01-01,2023-12-31,0000070858-24-000122,https://www.sec.gov/Archives/edgar/data/70858/000007085824000122/0000070858-24-000122-index.html,https://data.sec.gov/api/xbrl/companyfacts/CIK0000070858.json,reported,available,,0
noninterest_expense,2023,65845000000,USD,us-gaap:NoninterestExpense,2025-02-25,2024,10-K,2023-01-01,2023-12-31,0000070858-25-000139,https://www.sec.gov/Archives/edgar/data/70858/000007085825000139/0000070858-25-000139-index.html,https://data.sec.gov/api/xbrl/companyfacts/CIK0000070858.json,reported,available,,0
noninterest_expense,2023,65845000000,USD,us-gaap:NoninterestExpense,2026-02-25,2025,10-K,2023-01-01,2023-12-31,0000070858-26-000157,https://www.sec.gov/Archives/edgar/data/70858/000007085826000157/0000070858-26-000157-index.html,https://data.sec.gov/api/xbrl/companyfacts/CIK0000070858.json,reported,available,,0
noninterest_expense,2024,66812000000,USD,us-gaap:NoninterestExpense,2025-02-25,2024,10-K,2024-01-01,2024-12-31,0000070858-25-000139,https://www.sec.gov/Archives/edgar/data/70858/000007085825000139/0000070858-25-000139-index.html,https://data.sec.gov/api/xbrl/companyfacts/CIK0000070858.json,reported,available,,0
noninterest_expense,2024,66812000000,USD,us-gaap:NoninterestExpense,2026-02-25,2025,10-K,2024-01-01,2024-12-31,0000070858-26-000157,https://www.sec.gov/Archives/edgar/data/70858/000007085826000157/0000070858-26-000157-index.html,https://data.sec.gov/api/xbrl/companyfacts/CIK0000070858.json,reported,available,,0
noninterest_expense,2025,69727000000,USD,us-gaap:NoninterestExpense,2026-02-25,2025,10-K,2025-01-01,2025-12-31,0000070858-26-000157,https://www.sec.gov/Archives/edgar/data/70858/000007085826000157/0000070858-26-000157-index.html,https://data.sec.gov/api/xbrl/companyfacts/CIK0000070858.json,reported,available,,0
